{"N_Value": [0.19079278409481049, 0.21061968803405762, 0.25201714038848877, 0.18743444979190826, 0.18735498189926147, 0.19080199301242828, 0.18882028758525848, 0.18564218282699585, 0.1881486475467682, 0.21818016469478607], "SC_Value": [0.17560738325119019, 0.19102182984352112, 0.3052941560745239, 0.19528837502002716, 0.16114279627799988, 0.3964877426624298, 0.33282148838043213, 0.16026858985424042, 0.1714710295200348, 0.20029784739017487], "ST_Value": [0.264861524105072, 0.28379732370376587, 0.312295526266098, 0.2516590654850006, 0.24871858954429626, 0.3016812205314636, 0.2377607524394989, 0.2791440486907959, 0.2366054356098175, 0.30094027519226074], "Avg_RMSE": [0.21042056381702423, 0.22847962379455566, 0.28986895084381104, 0.2114606350660324, 0.19907212257385254, 0.29632365703582764, 0.253134161233902, 0.20835161209106445, 0.19874171912670135, 0.23980610072612762]}